Nr. reviews,Nr. hotel reviews,Member years,Hotel stars,Nr. rooms,User continent,Review month,Review weekday,Traveler type,Pool,Gym,Tennis court,Spa,Casino,Free internet,new_score
11,4,9,3.0,3773,North America,January,Thursday,Friends,NO,YES,NO,NO,YES,YES,1
119,21,3,3.0,3773,North America,January,Friday,Business,NO,YES,NO,NO,YES,YES,0
36,9,2,3.0,3773,North America,February,Saturday,Families,NO,YES,NO,NO,YES,YES,1
14,7,6,3.0,3773,Europe,February,Friday,Friends,NO,YES,NO,NO,YES,YES,1
5,5,7,3.0,3773,North America,March,Tuesday,Solo,NO,YES,NO,NO,YES,YES,1
31,8,2,3.0,3773,North America,March,Tuesday,Couples,NO,YES,NO,NO,YES,YES,0
45,12,4,3.0,3773,Europe,April,Friday,Couples,NO,YES,NO,NO,YES,YES,1
2,1,0,3.0,3773,North America,April,Tuesday,Families,NO,YES,NO,NO,YES,YES,1
24,3,3,3.0,3773,Asia,May,Saturday,Friends,NO,YES,NO,NO,YES,YES,1
12,7,5,3.0,3773,North America,May,Tuesday,Families,NO,YES,NO,NO,YES,YES,0
102,24,9,3.0,3773,North America,June,Friday,Families,NO,YES,NO,NO,YES,YES,0
20,9,4,3.0,3773,Oceania,June,Saturday,Friends,NO,YES,NO,NO,YES,YES,0
7,6,1,3.0,3773,North America,July,Wednesday,Friends,NO,YES,NO,NO,YES,YES,0
22,5,1,3.0,3773,North America,July,Thursday,Friends,NO,YES,NO,NO,YES,YES,0
3,3,1,3.0,3773,Europe,August,Sunday,Friends,NO,YES,NO,NO,YES,YES,0
146,17,2,3.0,3773,Oceania,August,Saturday,Families,NO,YES,NO,NO,YES,YES,1
8,8,4,3.0,3773,North America,September,Wednesday,Families,NO,YES,NO,NO,YES,YES,0
9,3,2,3.0,3773,North America,September,Saturday,Families,NO,YES,NO,NO,YES,YES,1
41,9,2,3.0,3773,North America,October,Tuesday,Couples,NO,YES,NO,NO,YES,YES,0
8,7,10,3.0,3773,North America,October,Monday,Couples,NO,YES,NO,NO,YES,YES,0
10,5,7,3.0,3773,Europe,November,Saturday,Couples,NO,YES,NO,NO,YES,YES,1
4,3,3,3.0,3773,Oceania,November,Monday,Couples,NO,YES,NO,NO,YES,YES,0
18,7,0,3.0,3773,Europe,December,Saturday,Families,NO,YES,NO,NO,YES,YES,1
4,4,5,3.0,3773,North America,December,Sunday,Couples,NO,YES,NO,NO,YES,YES,0
29,11,3,3.0,3981,Europe,January,Monday,Couples,YES,YES,NO,YES,YES,YES,1
114,42,11,3.0,3981,North America,January,Saturday,Business,YES,YES,NO,YES,YES,YES,1
30,12,8,3.0,3981,North America,February,Friday,Couples,YES,YES,NO,YES,YES,YES,1
87,18,3,3.0,3981,Europe,February,Thursday,Business,YES,YES,NO,YES,YES,YES,0
26,10,1,3.0,3981,North America,March,Wednesday,Solo,YES,YES,NO,YES,YES,YES,1
8,7,8,3.0,3981,Europe,March,Wednesday,Couples,YES,YES,NO,YES,YES,YES,1
11,8,7,3.0,3981,North America,April,Friday,Couples,YES,YES,NO,YES,YES,YES,1
4,3,0,3.0,3981,Oceania,April,Friday,Couples,YES,YES,NO,YES,YES,YES,0
56,8,1,3.0,3981,North America,May,Tuesday,Solo,YES,YES,NO,YES,YES,YES,0
13,12,4,3.0,3981,Africa,May,Wednesday,Friends,YES,YES,NO,YES,YES,YES,0
58,9,0,3.0,3981,Oceania,June,Saturday,Couples,YES,YES,NO,YES,YES,YES,1
20,7,6,3.0,3981,Europe,June,Saturday,Couples,YES,YES,NO,YES,YES,YES,0
70,27,6,3.0,3981,North America,July,Friday,Friends,YES,YES,NO,YES,YES,YES,1
6,3,1,3.0,3981,Africa,July,Thursday,Friends,YES,YES,NO,YES,YES,YES,1
290,263,10,3.0,3981,North America,August,Monday,Couples,YES,YES,NO,YES,YES,YES,1
24,6,2,3.0,3981,North America,August,Wednesday,Families,YES,YES,NO,YES,YES,YES,0
29,8,2,3.0,3981,Europe,September,Wednesday,Business,YES,YES,NO,YES,YES,YES,0
20,5,8,3.0,3981,North America,September,Saturday,Couples,YES,YES,NO,YES,YES,YES,0
3,3,4,3.0,3981,Europe,October,Saturday,Families,YES,YES,NO,YES,YES,YES,0
47,6,5,3.0,3981,Europe,October,Monday,Friends,YES,YES,NO,YES,YES,YES,1
35,8,6,3.0,3981,North America,November,Sunday,Families,YES,YES,NO,YES,YES,YES,1
6,0,1,3.0,3981,Europe,November,Sunday,Friends,YES,YES,NO,YES,YES,YES,1
74,47,7,3.0,3981,Europe,December,Wednesday,Couples,YES,YES,NO,YES,YES,YES,1
34,8,4,3.0,3981,Asia,December,Tuesday,Solo,YES,YES,NO,YES,YES,YES,0
576,43,3,4.0,3003,Europe,January,Monday,Couples,YES,YES,NO,YES,YES,NO,0
20,8,5,4.0,3003,North America,January,Saturday,Solo,YES,YES,NO,YES,YES,NO,1
418,32,3,4.0,3003,North America,February,Tuesday,Couples,YES,YES,NO,YES,YES,NO,0
73,13,2,4.0,3003,North America,February,Tuesday,Couples,YES,YES,NO,YES,YES,NO,1
30,10,2,4.0,3003,North America,March,Wednesday,Couples,YES,YES,NO,YES,YES,NO,0
63,15,2,4.0,3003,North America,March,Tuesday,Business,YES,YES,NO,YES,YES,NO,1
24,10,5,4.0,3003,Europe,April,Wednesday,Couples,YES,YES,NO,YES,YES,NO,1
54,18,5,4.0,3003,Africa,April,Tuesday,Business,YES,YES,NO,YES,YES,NO,0
20,7,2,4.0,3003,Oceania,May,Friday,Couples,YES,YES,NO,YES,YES,NO,1
41,7,3,4.0,3003,Europe,May,Monday,Couples,YES,YES,NO,YES,YES,NO,1
7,5,9,4.0,3003,Europe,June,Tuesday,Couples,YES,YES,NO,YES,YES,NO,1
13,9,1,4.0,3003,North America,June,Monday,Friends,YES,YES,NO,YES,YES,NO,1
10,5,1,4.0,3003,Europe,July,Friday,Families,YES,YES,NO,YES,YES,NO,1
9,6,7,4.0,3003,Oceania,July,Wednesday,Couples,YES,YES,NO,YES,YES,NO,0
36,19,5,4.0,3003,Europe,August,Thursday,Solo,YES,YES,NO,YES,YES,NO,0
33,12,5,4.0,3003,Europe,August,Saturday,Families,YES,YES,NO,YES,YES,NO,0
156,126,8,4.0,3003,Asia,September,Friday,Friends,YES,YES,NO,YES,YES,NO,0
19,17,5,4.0,3003,Europe,September,Wednesday,Couples,YES,YES,NO,YES,YES,NO,1
23,17,1,4.0,3003,North America,October,Friday,Families,YES,YES,NO,YES,YES,NO,0
13,3,1,4.0,3003,North America,October,Sunday,Couples,YES,YES,NO,YES,YES,NO,0
8,5,8,4.0,3003,Europe,November,Friday,Couples,YES,YES,NO,YES,YES,NO,1
1,0,0,4.0,3003,Asia,November,Wednesday,Business,YES,YES,NO,YES,YES,NO,0
21,18,0,4.0,3003,Europe,December,Sunday,Business,YES,YES,NO,YES,YES,NO,0
56,14,3,4.0,3003,North America,December,Monday,Couples,YES,YES,NO,YES,YES,NO,1
29,11,6,4.0,2884,Europe,January,Sunday,Business,YES,YES,YES,YES,YES,YES,0
11,5,1,4.0,2884,Oceania,January,Thursday,Couples,YES,YES,YES,YES,YES,YES,1
19,12,9,4.0,2884,North America,February,Monday,Friends,YES,YES,YES,YES,YES,YES,1
17,9,4,4.0,2884,North America,February,Monday,Solo,YES,YES,YES,YES,YES,YES,1
43,8,1,4.0,2884,North America,March,Friday,Couples,YES,YES,YES,YES,YES,YES,1
12,8,2,4.0,2884,North America,March,Saturday,Friends,YES,YES,YES,YES,YES,YES,1
15,14,9,4.0,2884,North America,April,Tuesday,Friends,YES,YES,YES,YES,YES,YES,1
16,13,6,4.0,2884,Oceania,April,Wednesday,Families,YES,YES,YES,YES,YES,YES,0
12,4,1,4.0,2884,Asia,May,Friday,Families,YES,YES,YES,YES,YES,YES,0
10,0,3,4.0,2884,Europe,May,Sunday,Friends,YES,YES,YES,YES,YES,YES,1
27,17,6,4.0,2884,North America,June,Thursday,Families,YES,YES,YES,YES,YES,YES,0
6,5,2,4.0,2884,North America,June,Tuesday,Couples,YES,YES,YES,YES,YES,YES,1
21,20,3,4.0,2884,Oceania,July,Wednesday,Couples,YES,YES,YES,YES,YES,YES,1
43,14,5,4.0,2884,Asia,July,Thursday,Solo,YES,YES,YES,YES,YES,YES,1
97,31,8,4.0,2884,South America,August,Saturday,Couples,YES,YES,YES,YES,YES,YES,1
7,3,5,4.0,2884,Europe,August,Friday,Couples,YES,YES,YES,YES,YES,YES,1
11,9,0,4.0,2884,Europe,September,Friday,Couples,YES,YES,YES,YES,YES,YES,0
78,11,2,4.0,2884,North America,September,Tuesday,Business,YES,YES,YES,YES,YES,YES,1
12,7,5,4.0,2884,Oceania,October,Monday,Families,YES,YES,YES,YES,YES,YES,1
27,11,2,4.0,2884,North America,October,Monday,Couples,YES,YES,YES,YES,YES,YES,0
4,3,7,4.0,2884,Asia,November,Friday,Couples,YES,YES,YES,YES,YES,YES,1
27,9,2,4.0,2884,Oceania,November,Friday,Families,YES,YES,YES,YES,YES,YES,1
12,3,4,4.0,2884,North America,December,Saturday,Friends,YES,YES,YES,YES,YES,YES,1
21,16,12,4.0,2884,North America,December,Thursday,Couples,YES,YES,YES,YES,YES,YES,1
34,17,8,4.0,1467,Europe,January,Sunday,Families,YES,YES,YES,YES,YES,YES,1
12,6,2,4.0,1467,North America,January,Sunday,Friends,YES,YES,YES,YES,YES,YES,1
79,39,5,4.0,1467,Asia,February,Wednesday,Couples,YES,YES,YES,YES,YES,YES,0
18,10,2,4.0,1467,Asia,February,Thursday,Business,YES,YES,YES,YES,YES,YES,0
13,3,3,4.0,1467,North America,March,Wednesday,Business,YES,YES,YES,YES,YES,YES,1
14,4,1,4.0,1467,Europe,March,Friday,Couples,YES,YES,YES,YES,YES,YES,1
19,9,3,4.0,1467,Europe,April,Friday,Couples,YES,YES,YES,YES,YES,YES,1
88,15,3,4.0,1467,Asia,April,Monday,Business,YES,YES,YES,YES,YES,YES,1
8,4,1,4.0,1467,Oceania,May,Tuesday,Couples,YES,YES,YES,YES,YES,YES,1
39,15,1,4.0,1467,Europe,May,Sunday,Friends,YES,YES,YES,YES,YES,YES,0
130,41,3,4.0,1467,Europe,June,Tuesday,Business,YES,YES,YES,YES,YES,YES,1
79,78,7,4.0,1467,Oceania,June,Wednesday,Friends,YES,YES,YES,YES,YES,YES,1
13,10,10,4.0,1467,Europe,July,Wednesday,Solo,YES,YES,YES,YES,YES,YES,1
18,6,1,4.0,1467,Europe,July,Monday,Couples,YES,YES,YES,YES,YES,YES,1
8,7,1,4.0,1467,Oceania,August,Saturday,Friends,YES,YES,YES,YES,YES,YES,1
15,4,0,4.0,1467,Oceania,August,Friday,Couples,YES,YES,YES,YES,YES,YES,1
27,0,0,4.0,1467,North America,September,Tuesday,Couples,YES,YES,YES,YES,YES,YES,0
5,3,5,4.0,1467,Oceania,September,Wednesday,Couples,YES,YES,YES,YES,YES,YES,1
22,6,1,4.0,1467,Europe,October,Tuesday,Friends,YES,YES,YES,YES,YES,YES,1
5,3,1,4.0,1467,North America,October,Thursday,Friends,YES,YES,YES,YES,YES,YES,0
31,8,1,4.0,1467,Asia,November,Sunday,Solo,YES,YES,YES,YES,YES,YES,1
33,8,7,4.0,1467,Europe,November,Saturday,Friends,YES,YES,YES,YES,YES,YES,1
10,6,4,4.0,1467,Europe,December,Saturday,Couples,YES,YES,YES,YES,YES,YES,1
12,3,4,4.0,1467,Europe,December,Thursday,Families,YES,YES,YES,YES,YES,YES,1
50,14,7,5.0,3348,North America,January,Wednesday,Friends,YES,YES,NO,YES,YES,YES,1
161,33,3,5.0,3348,North America,January,Friday,Couples,YES,YES,NO,YES,YES,YES,1
153,38,10,5.0,3348,North America,February,Tuesday,Families,YES,YES,NO,YES,YES,YES,1
14,3,2,5.0,3348,North America,February,Thursday,Families,YES,YES,NO,YES,YES,YES,1
31,12,4,5.0,3348,North America,March,Friday,Families,YES,YES,NO,YES,YES,YES,1
15,10,9,5.0,3348,North America,March,Friday,Families,YES,YES,NO,YES,YES,YES,0
5,5,3,5.0,3348,North America,April,Thursday,Couples,YES,YES,NO,YES,YES,YES,1
46,4,2,5.0,3348,North America,April,Saturday,Couples,YES,YES,NO,YES,YES,YES,1
15,6,4,5.0,3348,Europe,May,Sunday,Couples,YES,YES,NO,YES,YES,YES,0
63,27,5,5.0,3348,Europe,May,Wednesday,Couples,YES,YES,NO,YES,YES,YES,1
17,15,2,5.0,3348,North America,June,Sunday,Couples,YES,YES,NO,YES,YES,YES,1
25,22,9,5.0,3348,North America,June,Tuesday,Solo,YES,YES,NO,YES,YES,YES,0
14,8,1,5.0,3348,North America,July,Monday,Couples,YES,YES,NO,YES,YES,YES,1
59,56,6,5.0,3348,Europe,July,Tuesday,Families,YES,YES,NO,YES,YES,YES,0
11,10,3,5.0,3348,Europe,August,Friday,Families,YES,YES,NO,YES,YES,YES,1
54,18,5,5.0,3348,North America,August,Wednesday,Friends,YES,YES,NO,YES,YES,YES,1
4,3,3,5.0,3348,North America,September,Monday,Couples,YES,YES,NO,YES,YES,YES,1
10,7,3,5.0,3348,North America,September,Tuesday,Couples,YES,YES,NO,YES,YES,YES,1
14,6,11,5.0,3348,North America,October,Sunday,Business,YES,YES,NO,YES,YES,YES,1
39,12,2,5.0,3348,North America,October,Thursday,Friends,YES,YES,NO,YES,YES,YES,1
35,24,4,5.0,3348,Oceania,November,Sunday,Couples,YES,YES,NO,YES,YES,YES,1
6,6,0,5.0,3348,Oceania,November,Sunday,Families,YES,YES,NO,YES,YES,YES,0
23,7,3,5.0,3348,North America,December,Friday,Families,YES,YES,NO,YES,YES,YES,1
48,21,13,5.0,3348,North America,December,Sunday,Couples,YES,YES,NO,YES,YES,YES,1
16,9,3,5.0,2959,Oceania,January,Thursday,Friends,YES,YES,NO,YES,YES,YES,1
12,6,1,5.0,2959,Oceania,January,Thursday,Friends,YES,YES,NO,YES,YES,YES,1
36,9,2,5.0,2959,Europe,February,Saturday,Friends,YES,YES,NO,YES,YES,YES,1
127,40,8,5.0,2959,Europe,February,Wednesday,Couples,YES,YES,NO,YES,YES,YES,1
12,5,1,5.0,2959,North America,March,Monday,Couples,YES,YES,NO,YES,YES,YES,1
17,17,10,5.0,2959,North America,March,Saturday,Couples,YES,YES,NO,YES,YES,YES,1
23,7,7,5.0,2959,Europe,April,Thursday,Friends,YES,YES,NO,YES,YES,YES,1
102,17,2,5.0,2959,North America,April,Monday,Business,YES,YES,NO,YES,YES,YES,1
113,15,8,5.0,2959,Europe,May,Thursday,Families,YES,YES,NO,YES,YES,YES,1
30,8,1,5.0,2959,North America,May,Wednesday,Business,YES,YES,NO,YES,YES,YES,0
24,24,7,5.0,2959,Europe,June,Wednesday,Couples,YES,YES,NO,YES,YES,YES,0
15,5,3,5.0,2959,Europe,June,Wednesday,Friends,YES,YES,NO,YES,YES,YES,1
6,4,1,5.0,2959,North America,July,Wednesday,Business,YES,YES,NO,YES,YES,YES,0
3,3,7,5.0,2959,Oceania,July,Tuesday,Friends,YES,YES,NO,YES,YES,YES,1
41,10,4,5.0,2959,North America,August,Saturday,Families,YES,YES,NO,YES,YES,YES,1
19,8,10,5.0,2959,North America,August,Sunday,Couples,YES,YES,NO,YES,YES,YES,1
18,9,1,5.0,2959,Europe,September,Wednesday,Couples,YES,YES,NO,YES,YES,YES,1
6,6,7,5.0,2959,Europe,September,Tuesday,Couples,YES,YES,NO,YES,YES,YES,1
103,5,7,5.0,2959,North America,October,Monday,Couples,YES,YES,NO,YES,YES,YES,1
18,4,0,5.0,2959,Europe,October,Friday,Friends,YES,YES,NO,YES,YES,YES,1
9,7,5,5.0,2959,Africa,November,Wednesday,Business,YES,YES,NO,YES,YES,YES,1
50,19,0,5.0,2959,North America,November,Friday,Business,YES,YES,NO,YES,YES,YES,1
4,3,8,5.0,2959,North America,December,Tuesday,Couples,YES,YES,NO,YES,YES,YES,0
7,3,5,5.0,2959,North America,December,Sunday,Families,YES,YES,NO,YES,YES,YES,1
28,23,4,5.0,3025,North America,January,Friday,Couples,YES,YES,NO,YES,YES,YES,0
32,6,10,5.0,3025,North America,January,Friday,Families,YES,YES,NO,YES,YES,YES,1
4,0,9,5.0,3025,North America,February,Friday,Couples,YES,YES,NO,YES,YES,YES,1
37,8,3,5.0,3025,North America,February,Tuesday,Couples,YES,YES,NO,YES,YES,YES,1
10,3,6,5.0,3025,North America,March,Wednesday,Families,YES,YES,NO,YES,YES,YES,1
36,30,8,5.0,3025,North America,March,Friday,Families,YES,YES,NO,YES,YES,YES,1
31,10,5,5.0,3025,North America,April,Sunday,Couples,YES,YES,NO,YES,YES,YES,1
66,33,10,5.0,3025,North America,April,Saturday,Couples,YES,YES,NO,YES,YES,YES,1
17,4,0,5.0,3025,Europe,May,Saturday,Couples,YES,YES,NO,YES,YES,YES,1
57,20,0,5.0,3025,Europe,May,Friday,Business,YES,YES,NO,YES,YES,YES,1
42,8,6,5.0,3025,North America,June,Monday,Friends,YES,YES,NO,YES,YES,YES,1
28,20,8,5.0,3025,North America,June,Friday,Couples,YES,YES,NO,YES,YES,YES,0
19,8,3,5.0,3025,Europe,July,Wednesday,Friends,YES,YES,NO,YES,YES,YES,1
20,11,9,5.0,3025,North America,July,Friday,Families,YES,YES,NO,YES,YES,YES,1
75,19,8,5.0,3025,Europe,August,Sunday,Friends,YES,YES,NO,YES,YES,YES,1
91,16,3,5.0,3025,North America,August,Wednesday,Business,YES,YES,NO,YES,YES,YES,1
52,48,8,5.0,3025,Europe,September,Saturday,Friends,YES,YES,NO,YES,YES,YES,0
93,4,2,5.0,3025,North America,September,Saturday,Families,YES,YES,NO,YES,YES,YES,1
9,3,1,5.0,3025,North America,October,Wednesday,Families,YES,YES,NO,YES,YES,YES,1
5,3,2,5.0,3025,Oceania,October,Thursday,Couples,YES,YES,NO,YES,YES,YES,1
37,7,0,5.0,3025,Asia,November,Sunday,Friends,YES,YES,NO,YES,YES,YES,1
31,25,7,5.0,3025,South America,November,Sunday,Families,YES,YES,NO,YES,YES,YES,0
6,4,7,5.0,3025,North America,December,Thursday,Couples,YES,YES,NO,YES,YES,YES,1
252,55,8,5.0,3025,North America,December,Monday,Families,YES,YES,NO,YES,YES,YES,1
164,48,4,5.0,2700,North America,January,Saturday,Couples,YES,YES,YES,YES,YES,YES,1
5,3,4,5.0,2700,North America,January,Tuesday,Families,YES,YES,YES,YES,YES,YES,1
7,5,3,5.0,2700,North America,February,Saturday,Couples,YES,YES,YES,YES,YES,YES,1
18,11,7,5.0,2700,North America,February,Tuesday,Couples,YES,YES,YES,YES,YES,YES,1
20,13,6,5.0,2700,North America,March,Friday,Friends,YES,YES,YES,YES,YES,YES,1
21,5,8,5.0,2700,North America,March,Monday,Business,YES,YES,YES,YES,YES,YES,1
125,35,4,5.0,2700,North America,April,Sunday,Business,YES,YES,YES,YES,YES,YES,1
11,7,1,5.0,2700,North America,April,Monday,Couples,YES,YES,YES,YES,YES,YES,1
16,10,7,5.0,2700,Asia,May,Monday,Solo,YES,YES,YES,YES,YES,YES,0
19,5,3,5.0,2700,Europe,May,Monday,Couples,YES,YES,YES,YES,YES,YES,1
73,27,6,5.0,2700,North America,June,Wednesday,Couples,YES,YES,YES,YES,YES,YES,1
5,4,11,5.0,2700,North America,June,Wednesday,Couples,YES,YES,YES,YES,YES,YES,1
30,10,3,5.0,2700,North America,July,Monday,Couples,YES,YES,YES,YES,YES,YES,1
7,4,3,5.0,2700,North America,July,Sunday,Couples,YES,YES,YES,YES,YES,YES,1
67,46,6,5.0,2700,North America,August,Sunday,Couples,YES,YES,YES,YES,YES,YES,1
18,13,9,5.0,2700,Europe,August,Saturday,Solo,YES,YES,YES,YES,YES,YES,1
12,7,4,5.0,2700,North America,September,Monday,Business,YES,YES,YES,YES,YES,YES,0
40,12,7,5.0,2700,North America,September,Saturday,Friends,YES,YES,YES,YES,YES,YES,1
142,17,3,5.0,2700,North America,October,Monday,Couples,YES,YES,YES,YES,YES,YES,1
8,4,7,5.0,2700,Europe,October,Saturday,Couples,YES,YES,YES,YES,YES,YES,1
15,9,2,5.0,2700,North America,November,Monday,Business,YES,YES,YES,YES,YES,YES,1
2,18,8,5.0,2700,Europe,November,Wednesday,Couples,YES,YES,YES,YES,YES,YES,1
10,6,5,5.0,2700,Europe,December,Tuesday,Couples,YES,YES,YES,YES,YES,YES,1
16,13,9,5.0,2700,North America,December,Tuesday,Couples,YES,YES,YES,YES,YES,YES,1
21,7,10,5.0,1282,Europe,January,Tuesday,Solo,YES,YES,NO,YES,YES,YES,1
69,58,5,5.0,1282,Asia,January,Saturday,Business,YES,YES,NO,YES,YES,YES,1
33,13,5,5.0,1282,North America,February,Wednesday,Business,YES,YES,NO,YES,YES,YES,1
1,0,0,5.0,1282,North America,February,Tuesday,Families,YES,YES,NO,YES,YES,YES,1
49,8,5,5.0,1282,North America,March,Monday,Couples,YES,YES,NO,YES,YES,YES,1
775,52,2,5.0,1282,North America,March,Wednesday,Couples,YES,YES,NO,YES,YES,YES,0
16,7,7,5.0,1282,Asia,April,Monday,Couples,YES,YES,NO,YES,YES,YES,1
1,0,0,5.0,1282,North America,April,Wednesday,Couples,YES,YES,NO,YES,YES,YES,1
19,11,7,5.0,1282,Asia,May,Friday,Families,YES,YES,NO,YES,YES,YES,1
7,4,7,5.0,1282,South America,May,Sunday,Families,YES,YES,NO,YES,YES,YES,1
38,18,8,5.0,1282,North America,June,Sunday,Couples,YES,YES,NO,YES,YES,YES,1
48,14,9,5.0,1282,North America,June,Wednesday,Business,YES,YES,NO,YES,YES,YES,1
136,20,3,5.0,1282,North America,July,Sunday,Families,YES,YES,NO,YES,YES,YES,1
26,8,6,5.0,1282,North America,July,Monday,Families,YES,YES,NO,YES,YES,YES,1
3,3,4,5.0,1282,Asia,August,Sunday,Couples,YES,YES,NO,YES,YES,YES,1
78,17,5,5.0,1282,North America,August,Monday,Couples,YES,YES,NO,YES,YES,YES,1
24,18,0,5.0,1282,Europe,September,Thursday,Families,YES,YES,NO,YES,YES,YES,1
2,0,1,5.0,1282,Africa,September,Monday,Families,YES,YES,NO,YES,YES,YES,0
4,3,11,5.0,1282,Europe,October,Thursday,Friends,YES,YES,NO,YES,YES,YES,1
11,7,2,5.0,1282,Oceania,October,Saturday,Couples,YES,YES,NO,YES,YES,YES,1
1,0,0,5.0,1282,Europe,November,Wednesday,Couples,YES,YES,NO,YES,YES,YES,0
35,16,2,5.0,1282,Oceania,November,Tuesday,Families,YES,YES,NO,YES,YES,YES,1
110,19,2,5.0,1282,North America,December,Tuesday,Business,YES,YES,NO,YES,YES,YES,1
53,25,3,5.0,1282,North America,December,Sunday,Couples,YES,YES,NO,YES,YES,YES,1
320,45,6,4.5,188,Asia,January,Tuesday,Business,YES,NO,NO,NO,YES,YES,0
2,0,1,4.5,188,North America,January,Saturday,Business,YES,NO,NO,NO,YES,YES,1
26,6,1,4.5,188,North America,February,Sunday,Families,YES,NO,NO,NO,YES,YES,1
4,4,2,4.5,188,North America,February,Monday,Couples,YES,NO,NO,NO,YES,YES,1
9,9,1,4.5,188,North America,March,Wednesday,Solo,YES,NO,NO,NO,YES,YES,0
17,14,10,4.5,188,North America,March,Sunday,Friends,YES,NO,NO,NO,YES,YES,1
3,0,1,4.5,188,North America,April,Tuesday,Couples,YES,NO,NO,NO,YES,YES,1
14,0,4,4.5,188,North America,April,Tuesday,Families,YES,NO,NO,NO,YES,YES,0
235,111,9,4.5,188,North America,May,Friday,Friends,YES,NO,NO,NO,YES,YES,1
59,9,3,4.5,188,North America,May,Monday,Couples,YES,NO,NO,NO,YES,YES,1
2,0,0,4.5,188,North America,June,Wednesday,Friends,YES,NO,NO,NO,YES,YES,1
2,0,0,4.5,188,North America,June,Wednesday,Couples,YES,NO,NO,NO,YES,YES,1
21,18,11,4.5,188,North America,July,Wednesday,Couples,YES,NO,NO,NO,YES,YES,1
4,0,0,4.5,188,North America,July,Thursday,Friends,YES,NO,NO,NO,YES,YES,0
184,52,3,4.5,188,Europe,August,Wednesday,Couples,YES,NO,NO,NO,YES,YES,1
262,75,2,4.5,188,Europe,August,Monday,Families,YES,NO,NO,NO,YES,YES,1
69,11,0,4.5,188,North America,September,Sunday,Couples,YES,NO,NO,NO,YES,YES,1
92,12,2,4.5,188,Oceania,September,Saturday,Business,YES,NO,NO,NO,YES,YES,1
131,61,8,4.5,188,North America,October,Thursday,Families,YES,NO,NO,NO,YES,YES,0
25,10,8,4.5,188,Europe,October,Tuesday,Friends,YES,NO,NO,NO,YES,YES,1
49,22,5,4.5,188,North America,November,Sunday,Couples,YES,NO,NO,NO,YES,YES,0
148,33,3,4.5,188,North America,November,Wednesday,Business,YES,NO,NO,NO,YES,YES,1
26,7,4,4.5,188,North America,December,Wednesday,Couples,YES,NO,NO,NO,YES,YES,1
13,4,2,4.5,188,North America,December,Wednesday,Couples,YES,NO,NO,NO,YES,YES,1
3,3,5,5.0,2034,Asia,January,Tuesday,Business,YES,YES,NO,YES,YES,YES,0
46,12,3,5.0,2034,North America,January,Tuesday,Couples,YES,YES,NO,YES,YES,YES,1
127,40,8,5.0,2034,Europe,February,Thursday,Couples,YES,YES,NO,YES,YES,YES,1
15,5,4,5.0,2034,North America,February,Sunday,Business,YES,YES,NO,YES,YES,YES,1
16,14,7,5.0,2034,North America,March,Friday,Couples,YES,YES,NO,YES,YES,YES,1
113,38,1,5.0,2034,North America,March,Tuesday,Friends,YES,YES,NO,YES,YES,YES,1
7,5,7,5.0,2034,Europe,April,Monday,Families,YES,YES,NO,YES,YES,YES,0
73,32,10,5.0,2034,South America,April,Thursday,Friends,YES,YES,NO,YES,YES,YES,1
35,12,2,5.0,2034,North America,May,Friday,Business,YES,YES,NO,YES,YES,YES,1
139,20,5,5.0,2034,Europe,May,Monday,Friends,YES,YES,NO,YES,YES,YES,1
28,12,2,5.0,2034,Europe,June,Saturday,Couples,YES,YES,NO,YES,YES,YES,1
34,8,4,5.0,2034,North America,June,Tuesday,Business,YES,YES,NO,YES,YES,YES,1
4,3,3,5.0,2034,North America,July,Thursday,Friends,YES,YES,NO,YES,YES,YES,1
32,11,3,5.0,2034,North America,July,Sunday,Families,YES,YES,NO,YES,YES,YES,1
9,3,1,5.0,2034,Europe,August,Thursday,Families,YES,YES,NO,YES,YES,YES,1
333,58,4,5.0,2034,North America,August,Sunday,Families,YES,YES,NO,YES,YES,YES,1
29,11,6,5.0,2034,North America,September,Monday,Couples,YES,YES,NO,YES,YES,YES,1
85,43,5,5.0,2034,Europe,September,Wednesday,Friends,YES,YES,NO,YES,YES,YES,1
12,5,5,5.0,2034,North America,October,Friday,Couples,YES,YES,NO,YES,YES,YES,1
34,10,4,5.0,2034,Europe,October,Thursday,Business,YES,YES,NO,YES,YES,YES,1
13,7,5,5.0,2034,Asia,November,Sunday,Couples,YES,YES,NO,YES,YES,YES,1
5,5,5,5.0,2034,North America,November,Sunday,Couples,YES,YES,NO,YES,YES,YES,1
169,25,8,5.0,2034,North America,December,Tuesday,Friends,YES,YES,NO,YES,YES,YES,1
11,10,7,5.0,2034,North America,December,Tuesday,Business,YES,YES,NO,YES,YES,YES,1
4,3,6,3.5,1228,North America,January,Friday,Couples,YES,YES,NO,YES,YES,YES,1
50,39,10,3.5,1228,North America,January,Thursday,Families,YES,YES,NO,YES,YES,YES,0
10,3,4,3.5,1228,North America,February,Tuesday,Business,YES,YES,NO,YES,YES,YES,1
7,4,1,3.5,1228,North America,February,Friday,Couples,YES,YES,NO,YES,YES,YES,1
60,7,8,3.5,1228,Europe,March,Tuesday,Couples,YES,YES,NO,YES,YES,YES,1
92,49,5,3.5,1228,Europe,March,Thursday,Couples,YES,YES,NO,YES,YES,YES,1
106,37,3,3.5,1228,Oceania,April,Wednesday,Business,YES,YES,NO,YES,YES,YES,1
7,5,10,3.5,1228,North America,April,Monday,Families,YES,YES,NO,YES,YES,YES,1
37,31,9,3.5,1228,South America,May,Friday,Families,YES,YES,NO,YES,YES,YES,1
70,25,3,3.5,1228,North America,May,Friday,Couples,YES,YES,NO,YES,YES,YES,0
9,3,1,3.5,1228,North America,June,Monday,Friends,YES,YES,NO,YES,YES,YES,1
11,6,1,3.5,1228,North America,June,Monday,Solo,YES,YES,NO,YES,YES,YES,1
39,18,4,3.5,1228,Europe,July,Thursday,Families,YES,YES,NO,YES,YES,YES,1
10,0,1,3.5,1228,Europe,July,Wednesday,Families,YES,YES,NO,YES,YES,YES,1
78,17,5,3.5,1228,North America,August,Monday,Couples,YES,YES,NO,YES,YES,YES,1
48,21,4,3.5,1228,Europe,August,Friday,Families,YES,YES,NO,YES,YES,YES,1
112,34,7,3.5,1228,North America,September,Sunday,Families,YES,YES,NO,YES,YES,YES,1
28,17,2,3.5,1228,North America,September,Wednesday,Solo,YES,YES,NO,YES,YES,YES,1
11,3,2,3.5,1228,Europe,October,Wednesday,Couples,YES,YES,NO,YES,YES,YES,0
9,5,9,3.5,1228,North America,October,Wednesday,Business,YES,YES,NO,YES,YES,YES,1
4,4,0,3.5,1228,North America,November,Wednesday,Families,YES,YES,NO,YES,YES,YES,0
22,15,6,3.5,1228,North America,November,Monday,Families,YES,YES,NO,YES,YES,YES,1
42,11,7,3.5,1228,North America,December,Monday,Couples,YES,YES,NO,YES,YES,YES,1
20,16,7,3.5,1228,Oceania,December,Tuesday,Couples,YES,YES,NO,YES,YES,YES,1
160,34,6,3.5,732,North America,January,Saturday,Business,YES,YES,NO,NO,YES,YES,1
372,78,4,3.5,732,North America,January,Sunday,Business,YES,YES,NO,NO,YES,YES,1
84,18,4,3.5,732,North America,February,Wednesday,Families,YES,YES,NO,NO,YES,YES,1
21,13,5,3.5,732,North America,February,Thursday,Business,YES,YES,NO,NO,YES,YES,1
95,37,6,3.5,732,Europe,March,Tuesday,Friends,YES,YES,NO,NO,YES,YES,1
118,107,10,3.5,732,Europe,March,Monday,Business,YES,YES,NO,NO,YES,YES,1
6,0,10,3.5,732,North America,April,Wednesday,Couples,YES,YES,NO,NO,YES,YES,1
60,4,2,3.5,732,North America,April,Tuesday,Couples,YES,YES,NO,NO,YES,YES,1
275,79,7,3.5,732,Oceania,May,Sunday,Couples,YES,YES,NO,NO,YES,YES,1
46,39,6,3.5,732,North America,May,Wednesday,Business,YES,YES,NO,NO,YES,YES,1
6,5,4,3.5,732,North America,June,Tuesday,Families,YES,YES,NO,NO,YES,YES,1
11,0,0,3.5,732,Oceania,June,Thursday,Families,YES,YES,NO,NO,YES,YES,1
75,37,6,3.5,732,North America,July,Saturday,Couples,YES,YES,NO,NO,YES,YES,1
240,76,3,3.5,732,Europe,July,Monday,Couples,YES,YES,NO,NO,YES,YES,1
20,12,1,3.5,732,Asia,August,Wednesday,Families,YES,YES,NO,NO,YES,YES,1
62,40,5,3.5,732,Asia,August,Sunday,Families,YES,YES,NO,NO,YES,YES,1
88,19,1,3.5,732,North America,September,Wednesday,Friends,YES,YES,NO,NO,YES,YES,1
6,3,0,3.5,732,North America,September,Tuesday,Friends,YES,YES,NO,NO,YES,YES,1
18,9,7,3.5,732,Asia,October,Monday,Business,YES,YES,NO,NO,YES,YES,0
159,43,4,3.5,732,North America,October,Wednesday,Families,YES,YES,NO,NO,YES,YES,1
47,23,1,3.5,732,Asia,November,Thursday,Couples,YES,YES,NO,NO,YES,YES,1
86,12,5,3.5,732,Europe,November,Sunday,Couples,YES,YES,NO,NO,YES,YES,1
42,9,1,3.5,732,North America,December,Tuesday,Couples,YES,YES,NO,NO,YES,YES,1
64,33,7,3.5,732,Europe,December,Thursday,Families,YES,YES,NO,NO,YES,YES,1
167,71,8,3.0,716,North America,January,Saturday,Couples,YES,YES,YES,YES,YES,YES,1
25,5,8,3.0,716,North America,January,Thursday,Friends,YES,YES,YES,YES,YES,YES,1
12,12,4,3.0,716,Europe,February,Friday,Business,YES,YES,YES,YES,YES,YES,0
608,117,5,3.0,716,North America,February,Saturday,Business,YES,YES,YES,YES,YES,YES,1
5,4,8,3.0,716,North America,March,Sunday,Friends,YES,YES,YES,YES,YES,YES,1
26,17,7,3.0,716,North America,March,Thursday,Couples,YES,YES,YES,YES,YES,YES,1
11,5,7,3.0,716,South America,April,Monday,Couples,YES,YES,YES,YES,YES,YES,1
39,10,3,3.0,716,North America,April,Wednesday,Couples,YES,YES,YES,YES,YES,YES,1
1,0,0,3.0,716,Asia,May,Thursday,Families,YES,YES,YES,YES,YES,YES,0
108,20,5,3.0,716,North America,May,Thursday,Business,YES,YES,YES,YES,YES,YES,0
119,20,1,3.0,716,Asia,June,Sunday,Friends,YES,YES,YES,YES,YES,YES,1
27,15,6,3.0,716,North America,June,Tuesday,Couples,YES,YES,YES,YES,YES,YES,0
55,55,5,3.0,716,Europe,July,Wednesday,Couples,YES,YES,YES,YES,YES,YES,1
7,3,3,3.0,716,North America,July,Friday,Business,YES,YES,YES,YES,YES,YES,1
3,3,0,3.0,716,North America,August,Wednesday,Business,YES,YES,YES,YES,YES,YES,0
11,3,6,3.0,716,North America,August,Monday,Couples,YES,YES,YES,YES,YES,YES,1
27,15,5,3.0,716,Oceania,September,Sunday,Couples,YES,YES,YES,YES,YES,YES,1
13,4,0,3.0,716,North America,September,Wednesday,Couples,YES,YES,YES,YES,YES,YES,1
19,11,5,3.0,716,Europe,October,Sunday,Couples,YES,YES,YES,YES,YES,YES,0
38,12,7,3.0,716,North America,October,Friday,Business,YES,YES,YES,YES,YES,YES,1
167,71,8,3.0,716,North America,November,Sunday,Couples,YES,YES,YES,YES,YES,YES,1
28,6,3,3.0,716,North America,November,Tuesday,Business,YES,YES,YES,YES,YES,YES,0
9,8,4,3.0,716,North America,December,Sunday,Families,YES,YES,YES,YES,YES,YES,1
13,4,5,3.0,716,North America,December,Tuesday,Friends,YES,YES,YES,YES,YES,YES,1
65,24,6,3.0,315,North America,January,Monday,Business,YES,YES,NO,NO,NO,YES,0
8,3,3,3.0,315,North America,January,Thursday,Couples,YES,YES,NO,NO,NO,YES,1
61,13,4,3.0,315,Europe,February,Sunday,Couples,YES,YES,NO,NO,NO,YES,0
3,3,1,3.0,315,North America,February,Saturday,Families,YES,YES,NO,NO,NO,YES,0
66,13,9,3.0,315,North America,March,Friday,Friends,YES,YES,NO,NO,NO,YES,1
9,7,2,3.0,315,North America,March,Tuesday,Couples,YES,YES,NO,NO,NO,YES,1
82,14,1,3.0,315,North America,April,Wednesday,Families,YES,YES,NO,NO,NO,YES,0
113,48,4,3.0,315,North America,April,Sunday,Families,YES,YES,NO,NO,NO,YES,0
11,8,6,3.0,315,North America,May,Sunday,Friends,YES,YES,NO,NO,NO,YES,0
2,1,3,3.0,315,North America,May,Tuesday,Families,YES,YES,NO,NO,NO,YES,0
31,11,2,3.0,315,North America,June,Wednesday,Couples,YES,YES,NO,NO,NO,YES,1
32,12,5,3.0,315,Oceania,June,Wednesday,Couples,YES,YES,NO,NO,NO,YES,1
56,7,7,3.0,315,North America,July,Sunday,Families,YES,YES,NO,NO,NO,YES,0
45,6,3,3.0,315,North America,July,Thursday,Couples,YES,YES,NO,NO,NO,YES,1
17,4,0,3.0,315,North America,August,Sunday,Families,YES,YES,NO,NO,NO,YES,1
23,23,1,3.0,315,North America,August,Sunday,Families,YES,YES,NO,NO,NO,YES,1
56,18,4,3.0,315,North America,September,Saturday,Friends,YES,YES,NO,NO,NO,YES,1
290,263,10,3.0,315,North America,September,Saturday,Business,YES,YES,NO,NO,NO,YES,1
26,7,0,3.0,315,Oceania,October,Friday,Families,YES,YES,NO,NO,NO,YES,1
116,44,5,3.0,315,Asia,October,Saturday,Couples,YES,YES,NO,NO,NO,YES,1
14,5,5,3.0,315,Europe,November,Thursday,Business,YES,YES,NO,NO,NO,YES,1
13,7,4,3.0,315,North America,November,Sunday,Business,YES,YES,NO,NO,NO,YES,1
20,9,8,3.0,315,North America,December,Tuesday,Couples,YES,YES,NO,NO,NO,YES,1
3,3,2,3.0,315,North America,December,Wednesday,Families,YES,YES,NO,NO,NO,YES,1
17,3,2,3.5,787,North America,January,Monday,Friends,YES,YES,YES,NO,NO,YES,1
21,11,4,3.5,787,Oceania,January,Sunday,Families,YES,YES,YES,NO,NO,YES,1
60,11,3,3.5,787,North America,February,Thursday,Couples,YES,YES,YES,NO,NO,YES,1
12,4,11,3.5,787,North America,February,Monday,Couples,YES,YES,YES,NO,NO,YES,1
27,12,4,3.5,787,North America,March,Tuesday,Friends,YES,YES,YES,NO,NO,YES,1
34,12,3,3.5,787,North America,March,Tuesday,Couples,YES,YES,YES,NO,NO,YES,1
69,22,6,3.5,787,North America,April,Thursday,Families,YES,YES,YES,NO,NO,YES,1
16,4,4,3.5,787,North America,April,Saturday,Couples,YES,YES,YES,NO,NO,YES,1
26,5,1,3.5,787,Oceania,May,Thursday,Families,YES,YES,YES,NO,NO,YES,1
54,10,5,3.5,787,North America,May,Tuesday,Business,YES,YES,YES,NO,NO,YES,1
35,17,6,3.5,787,Europe,June,Tuesday,Couples,YES,YES,YES,NO,NO,YES,1
23,12,7,3.5,787,Asia,June,Saturday,Families,YES,YES,YES,NO,NO,YES,1
6,3,3,3.5,787,Europe,July,Sunday,Families,YES,YES,YES,NO,NO,YES,1
27,8,4,3.5,787,North America,July,Thursday,Friends,YES,YES,YES,NO,NO,YES,1
41,8,4,3.5,787,North America,August,Wednesday,Families,YES,YES,YES,NO,NO,YES,0
12,4,2,3.5,787,North America,August,Monday,Couples,YES,YES,YES,NO,NO,YES,1
14,3,6,3.5,787,North America,September,Tuesday,Friends,YES,YES,YES,NO,NO,YES,1
415,162,8,3.5,787,North America,September,Sunday,Business,YES,YES,YES,NO,NO,YES,1
76,27,6,3.5,787,Europe,October,Thursday,Couples,YES,YES,YES,NO,NO,YES,0
24,12,4,3.5,787,Europe,October,Monday,Couples,YES,YES,YES,NO,NO,YES,1
23,9,4,3.5,787,Asia,November,Monday,Families,YES,YES,YES,NO,NO,YES,0
182,24,2,3.5,787,North America,November,Sunday,Families,YES,YES,YES,NO,NO,YES,1
289,28,5,3.5,787,North America,December,Tuesday,Families,YES,YES,YES,NO,NO,YES,1
101,35,5,3.5,787,North America,December,Saturday,Friends,YES,YES,YES,NO,NO,YES,1
31,11,2,5.0,4027,Europe,January,Friday,Business,YES,YES,NO,YES,YES,YES,1
20,6,0,5.0,4027,North America,January,Wednesday,Solo,YES,YES,NO,YES,YES,YES,1
60,16,5,5.0,4027,North America,February,Saturday,Families,YES,YES,NO,YES,YES,YES,1
1,0,0,5.0,4027,North America,February,Sunday,Couples,YES,YES,NO,YES,YES,YES,1
9,3,2,5.0,4027,North America,March,Thursday,Couples,YES,YES,NO,YES,YES,YES,0
19,7,5,5.0,4027,North America,March,Wednesday,Couples,YES,YES,NO,YES,YES,YES,1
116,78,9,5.0,4027,Asia,April,Sunday,Couples,YES,YES,NO,YES,YES,YES,1
22,13,2,5.0,4027,Oceania,April,Friday,Couples,YES,YES,NO,YES,YES,YES,1
83,10,1,5.0,4027,Oceania,May,Tuesday,Families,YES,YES,NO,YES,YES,YES,1
20,3,0,5.0,4027,Europe,May,Monday,Couples,YES,YES,NO,YES,YES,YES,1
7,5,1,5.0,4027,North America,June,Monday,Couples,YES,YES,NO,YES,YES,YES,1
95,34,6,5.0,4027,North America,June,Sunday,Business,YES,YES,NO,YES,YES,YES,1
15,6,4,5.0,4027,Oceania,July,Wednesday,Couples,YES,YES,NO,YES,YES,YES,1
13,7,5,5.0,4027,Europe,July,Sunday,Couples,YES,YES,NO,YES,YES,YES,1
19,8,10,5.0,4027,North America,August,Wednesday,Families,YES,YES,NO,YES,YES,YES,1
21,6,3,5.0,4027,Europe,August,Saturday,Couples,YES,YES,NO,YES,YES,YES,1
56,11,5,5.0,4027,Europe,September,Friday,Couples,YES,YES,NO,YES,YES,YES,1
29,7,7,5.0,4027,Europe,September,Thursday,Couples,YES,YES,NO,YES,YES,YES,1
20,0,2,5.0,4027,South America,October,Friday,Couples,YES,YES,NO,YES,YES,YES,1
39,20,8,5.0,4027,Europe,October,Thursday,Couples,YES,YES,NO,YES,YES,YES,1
9,6,5,5.0,4027,Europe,November,Saturday,Friends,YES,YES,NO,YES,YES,YES,1
43,38,4,5.0,4027,Oceania,November,Saturday,Couples,YES,YES,NO,YES,YES,YES,1
16,10,9,5.0,4027,Asia,December,Thursday,Families,YES,YES,NO,YES,YES,YES,1
6,6,10,5.0,4027,North America,December,Wednesday,Couples,YES,YES,NO,YES,YES,YES,1
16,6,3,5.0,3933,Oceania,January,Saturday,Solo,YES,YES,NO,YES,YES,YES,1
15,3,5,5.0,3933,North America,January,Thursday,Families,YES,YES,NO,YES,YES,YES,1
30,6,3,5.0,3933,North America,February,Tuesday,Couples,YES,YES,NO,YES,YES,YES,1
41,9,1,5.0,3933,North America,February,Friday,Business,YES,YES,NO,YES,YES,YES,1
44,35,6,5.0,3933,Asia,March,Tuesday,Couples,YES,YES,NO,YES,YES,YES,1
30,9,0,5.0,3933,North America,March,Tuesday,Business,YES,YES,NO,YES,YES,YES,0
23,10,4,5.0,3933,Europe,April,Monday,Business,YES,YES,NO,YES,YES,YES,1
3,0,3,5.0,3933,Europe,April,Tuesday,Families,YES,YES,NO,YES,YES,YES,0
12,6,3,5.0,3933,Europe,May,Friday,Friends,YES,YES,NO,YES,YES,YES,0
15,6,1,5.0,3933,Europe,May,Thursday,Couples,YES,YES,NO,YES,YES,YES,1
5,0,0,5.0,3933,Europe,June,Wednesday,Families,YES,YES,NO,YES,YES,YES,1
32,5,6,5.0,3933,North America,June,Sunday,Business,YES,YES,NO,YES,YES,YES,1
28,5,5,5.0,3933,North America,July,Friday,Couples,YES,YES,NO,YES,YES,YES,1
77,18,10,5.0,3933,Asia,July,Saturday,Families,YES,YES,NO,YES,YES,YES,1
11,8,0,5.0,3933,North America,August,Monday,Solo,YES,YES,NO,YES,YES,YES,1
102,25,6,5.0,3933,Europe,August,Sunday,Families,YES,YES,NO,YES,YES,YES,1
13,3,6,5.0,3933,Europe,September,Tuesday,Couples,YES,YES,NO,YES,YES,YES,1
62,13,2,5.0,3933,North America,September,Tuesday,Business,YES,YES,NO,YES,YES,YES,1
26,22,5,5.0,3933,Europe,October,Sunday,Couples,YES,YES,NO,YES,YES,YES,1
13,6,1,5.0,3933,Europe,October,Saturday,Couples,YES,YES,NO,YES,YES,YES,1
26,18,4,5.0,3933,Europe,November,Monday,Friends,YES,YES,NO,YES,YES,YES,1
17,10,3,5.0,3933,North America,November,Saturday,Friends,YES,YES,NO,YES,YES,YES,1
4,4,1,5.0,3933,Asia,December,Monday,Business,YES,YES,NO,YES,YES,YES,1
20,18,4,5.0,3933,Asia,December,Friday,Families,YES,YES,NO,YES,YES,YES,0
14,3,7,4.0,2916,North America,January,Saturday,Couples,YES,YES,NO,YES,YES,YES,1
19,3,1,4.0,2916,North America,January,Wednesday,Couples,YES,YES,NO,YES,YES,YES,1
4,4,1,4.0,2916,North America,February,Wednesday,Couples,YES,YES,NO,YES,YES,YES,0
116,12,4,4.0,2916,North America,February,Tuesday,Friends,YES,YES,NO,YES,YES,YES,1
121,13,9,4.0,2916,North America,March,Tuesday,Couples,YES,YES,NO,YES,YES,YES,0
14,7,2,4.0,2916,North America,March,Friday,Couples,YES,YES,NO,YES,YES,YES,1
56,16,9,4.0,2916,North America,April,Tuesday,Business,YES,YES,NO,YES,YES,YES,1
73,4,3,4.0,2916,North America,April,Monday,Friends,YES,YES,NO,YES,YES,YES,0
9,5,6,4.0,2916,North America,May,Thursday,Friends,YES,YES,NO,YES,YES,YES,1
137,42,5,4.0,2916,North America,May,Sunday,Couples,YES,YES,NO,YES,YES,YES,0
30,12,4,4.0,2916,Oceania,June,Saturday,Couples,YES,YES,NO,YES,YES,YES,1
130,19,6,4.0,2916,North America,June,Sunday,Couples,YES,YES,NO,YES,YES,YES,0
50,15,3,4.0,2916,North America,July,Friday,Couples,YES,YES,NO,YES,YES,YES,1
22,9,3,4.0,2916,Europe,July,Wednesday,Families,YES,YES,NO,YES,YES,YES,1
85,37,4,4.0,2916,Africa,August,Friday,Families,YES,YES,NO,YES,YES,YES,1
73,7,3,4.0,2916,North America,August,Thursday,Couples,YES,YES,NO,YES,YES,YES,1
20,10,2,4.0,2916,North America,September,Thursday,Couples,YES,YES,NO,YES,YES,YES,1
13,6,2,4.0,2916,North America,September,Tuesday,Couples,YES,YES,NO,YES,YES,YES,1
18,3,2,4.0,2916,North America,October,Monday,Couples,YES,YES,NO,YES,YES,YES,0
6,4,0,4.0,2916,North America,October,Saturday,Couples,YES,YES,NO,YES,YES,YES,1
48,8,6,4.0,2916,North America,November,Monday,Couples,YES,YES,NO,YES,YES,YES,1
24,3,0,4.0,2916,North America,November,Sunday,Couples,YES,YES,NO,YES,YES,YES,1
123,26,4,4.0,2916,North America,December,Saturday,Couples,YES,YES,NO,YES,YES,YES,1
24,7,1,4.0,2916,North America,December,Thursday,Friends,YES,YES,NO,YES,YES,YES,1
20,13,4,4.0,826,North America,January,Monday,Couples,YES,YES,NO,YES,YES,YES,1
15,3,7,4.0,826,North America,January,Tuesday,Families,YES,YES,NO,YES,YES,YES,0
189,72,3,4.0,826,Europe,February,Friday,Solo,YES,YES,NO,YES,YES,YES,1
25,19,8,4.0,826,North America,February,Monday,Couples,YES,YES,NO,YES,YES,YES,0
33,11,4,4.0,826,North America,March,Wednesday,Business,YES,YES,NO,YES,YES,YES,1
14,7,4,4.0,826,North America,March,Thursday,Friends,YES,YES,NO,YES,YES,YES,1
38,22,4,4.0,826,North America,April,Monday,Business,YES,YES,NO,YES,YES,YES,1
169,43,12,4.0,826,Africa,April,Sunday,Solo,YES,YES,NO,YES,YES,YES,1
20,17,4,4.0,826,North America,May,Sunday,Friends,YES,YES,NO,YES,YES,YES,0
17,10,3,4.0,826,North America,May,Tuesday,Couples,YES,YES,NO,YES,YES,YES,1
96,47,11,4.0,826,North America,June,Monday,Solo,YES,YES,NO,YES,YES,YES,1
38,13,5,4.0,826,North America,June,Sunday,Business,YES,YES,NO,YES,YES,YES,0
12,11,6,4.0,826,Asia,July,Monday,Families,YES,YES,NO,YES,YES,YES,1
9,8,6,4.0,826,North America,July,Monday,Couples,YES,YES,NO,YES,YES,YES,1
23,21,7,4.0,826,North America,August,Wednesday,Families,YES,YES,NO,YES,YES,YES,0
21,6,5,4.0,826,North America,August,Tuesday,Couples,YES,YES,NO,YES,YES,YES,1
30,27,6,4.0,826,North America,September,Friday,Solo,YES,YES,NO,YES,YES,YES,1
63,16,11,4.0,826,North America,September,Wednesday,Couples,YES,YES,NO,YES,YES,YES,0
35,3,1,4.0,826,Europe,October,Monday,Couples,YES,YES,NO,YES,YES,YES,1
15,4,1,4.0,826,Europe,October,Sunday,Couples,YES,YES,NO,YES,YES,YES,1
50,13,8,4.0,826,North America,November,Thursday,Couples,YES,YES,NO,YES,YES,YES,1
154,23,4,4.0,826,North America,November,Thursday,Friends,YES,YES,NO,YES,YES,YES,1
9,6,9,4.0,826,North America,December,Wednesday,Families,YES,YES,NO,YES,YES,YES,0
20,19,5,4.0,826,North America,December,Tuesday,Families,YES,YES,NO,YES,YES,YES,1
